,seq,label,is_Train
215,WMSSAMSTKPTGASPSITLGERRTITSAAPT,0,1
86,PPFPIIIHDEPTYARSSKNAIKVPIVINPNA,1,1
180,SPPNLSSITHERPATYKDTAHTEAAMHHSTN,0,1
303,GELQAAWRNGFDQCDYGWLSDASVRHPVTVA,0,1
268,TRAAQLCAAALAAVLSCLQHSREQQTLQVAV,0,1
179,GEYKSWQDNIQTVLFTLVQAMGQVRSQEHVE,0,1
133,YKYPRKVAFVSELPKTVSGKIQRSKLRSQEW,1,1
98,QVLQADMLRIRTNRTTFRNRRSLLLPPPPFH,1,1
330,PNTSTPGTSTVDLGTSGTPSSLPSPTSAGPL,0,1
184,AQVFLQELEKTTNNSTSRHLKGCHPLDYELT,0,1
255,ARVTVPTITLLLEECTEKLNLNMAARRVFLA,0,1
338,VEWLKLHPTYTVDMPSYVPKNADVLFSSFQK,0,1
369,KETQSKYEEAMKEVLSVQKQMKLGLVSPESM,0,1
24,EMGMRLLCEGKNQNGTHALSILLMSRKSSLA,1,1
122,TITNLQYEEDMRRTGSRKFNTMESVLQGLLK,1,1
251,GRAQDTFQTIEGIIRSLAAHTLNPDQDVSQW,0,1
17,DVVREIYKDANTQVHTLRKMVKEKEEAIQRQ,1,1
203,TSSRTTISGPDHSKMSPYISTETITRLSTFP,0,1
97,QSLCRLSRCLLLNSRYPQLIQVLGRLWELSV,1,1
113,SGYSDEDRKGFTKLVYQNIFTAMQAMIRAMD,1,1
212,LSKASREATSSTSNFSSLSSKFILPNVSTPV,0,1
129,VVGYVEGLFFKDLKQTMKKEQCEVKLLVTAS,1,1
152,HWFSYYTTHWTSLRYSINVGQLNGPNCTRLL,0,1
95,QPLGISLPVFRTIALSSEVVTLEKEHCYAMQ,1,1
366,WDKTSLECLKVLTGHTGSVLCLQYDERVIVT,0,1
134,YQRLLQTIAVLEAQRSQAVQDLESLGRHQRE,1,1
155,LSVQKQMKLGLVSPESMDNYSHFHELRVTEE,0,1
23,EKKVWEEHLVAKGVKSSDVSPPLGQHETGGS,1,1
337,TRVYRVQRDIPMPLVSSGVEHGNLRELALAR,0,1
40,HYKVTALHWAAFRNATKQWVQEKPNGLLYFW,1,1
21,EIWDWDRTTRNDFMGSLSFGVSELMKMPASG,1,1
234,SEAITRLSNFPAMTESGGMILAMQTSPPGAT,0,1
359,NKLTNKLPDLWRKIESINQQLLPLGNISDNM,0,1
12,DLQKSDTVIESNTFCSKSNLNSTISKNFHRN,1,1
127,VQNKLHSANKGRKTNSSVKLKYSDVQTADDV,1,1
244,EQIILLLEGESFHPVTFVLNANLLVNVKFIF,0,1
22,EKIKQVNERATLFRITSNAMINACRDFLMLA,1,1
224,YLEAPSSVGEDHYFRSPPPYDQQMLSPSYCS,0,1
243,ELKTTDYSVLTTKKTYSDDKEMKEEDTSLVN,0,1
246,LEPEEKAEDCWELQISPELLAHGRQKILDLL,0,1
52,KKGYVTPVKNQKQCGSCWAFSATGALEGQMF,1,1
130,WNPYVASWIDRRRHQSEKANLTILFDKYVPA,1,1
321,AGALWLHLMHYCEACTAPKMPEFILYAFHST,0,1
174,GTDKNISEAPASEASSTVTARIDRLINEFAQ,0,1
307,EMLGNEQQQEDLEKDSKLCPIEPDKSELENS,0,1
109,SDDSDLRVARLQSKEYPVISKSIMRQRLISP,1,1
286,IEMKNATLAWDSSHSSIQNSPKLTPKMKKDK,0,1
283,DNRDDPEIILNTTTYYYSVRVFAGQEPSCVW,0,1
183,SDLSLIILSYILILYSVLRLNSAEAAAKALS,0,1
347,VPETTSSLATSLGAETSTALPRTTPSVFNRE,0,1
91,QAQEELAEMKRYAESSSKLEEDKDKKINEMS,1,1
90,PVRVYKYPFELIMAAYERRFPTCPLIPMFVG,1,1
301,LSQTSSPAEVSILDVTTAPTPGISTTITTMG,0,1
38,HKPGSTPEPIAAEVRSPSMESKLHRQALALQ,1,1
33,GKYHHGLSALKPIRTTSKHQHPVDNAGLFSC,1,1
331,WVETSPSMKTERPPASTSVAAPITTSVPSVV,0,1
245,SWQSPPSVEETSSPSSPVPLPAITSHSSLYS,0,1
172,LLLSKISQDADLKTPTKPKQHDQVSKISSER,0,1
365,VLFGGCTSPALLSQGSILLEHVAEMEDPSTG,0,1
357,PEAIAQGGQSKTLRSSTVRAMPVPTTPEFQS,0,1
8,CYETISKAQAFERMMSPTGSNLKSNHSDECT,1,1
237,SGPDPQSVTLYSGEDYPDTAPVIHGVDVINS,0,1
153,NSSLWKNLIDEHPVCTTWKQEAEGAIYHLAS,0,1
69,LLFSRFYEAYKFSGPSLPKNDVIVAVNWTGV,1,1
305,ASQVTFLCSNIIHFESLRTRTAEALNLDAAL,0,1
343,KVRELEEKLVEREKGTVIKPPVEEYEEMKSS,0,1
306,HLLGFKAKGDYLPETTRPQEMMKIFAFANSL,0,1
64,LEKGEAPWLGKGKRPSQGCPSKIARPKQKET,1,1
92,QARCHRIGQSKSVKIYRLITRNSYEREMFDK,1,1
201,DPRTVVGKQDGRGCTSVTTALSLPELEREDG,0,1
315,ENAWGIRIYQKRTQPTVRSHACEVDPYGMPG,0,1
207,SGQVKCLNISETATSSLGTLGWSYQACTEVV,0,1
118,SQQRERERARRRRRSYSPMRKRRRDSPSHLE,1,1
350,SQPQPSGQPWNFHASTSWYWRQSSDRFPRHQ,0,1
232,KESLIPSSSGIPKPGSKVPTVKQTISPGSTA,0,1
25,ENRASAQSKTLEARNTLRLWKKAYFDTRAKI,1,1
125,VASMAQSAPSEAPSCSPFGKKKKYKDKYLAK,1,1
139,RPWKRGILKGTITFSTTRRCTTRRKHDDYEE,0,1
320,SPHPVSTTFLAHIPPSPLPVTSLLTSGPATT,0,1
60,KTKPKKLLFLGSDGKSYPYLFKGLEDLHLDE,1,1
67,LHIPVQRQVAHCKNASLLLGEKTIILSRQTS,1,1
241,QHEHVAGLLARLRKDTHRGLFIQQLRPTQNL,0,1
206,MAMSHGFKTEEKLILSNSEIPETSAFFPENR,0,1
162,TNLEPVTRSPQNLRNTLATSEATTDTHTMHP,0,1
281,DILTNQDVKLDWMFKSSLLLDLIKGMKYLHH,0,1
285,FRLFITIYKDALKGKYIENLDNITFTESFLS,0,1
308,KSWYGLLHPEDLAHASAQHYRLLAESGDIQA,0,1
72,LSSKLMEFNLGTDKQTFLSKLIKSIFISYLE,1,1
339,RILKFHSGLLLGLYSSVAIWYARLQEWDNFY,0,1
75,MKVSEKIVYVYMKRKYEAMTKLGFKAILPSF,1,1
352,AVTSPSPLYSTPSESSHSSPLRVTSLFTPVM,0,1
77,MYRKMVFYIEACESGSMMNHLPDNINVYATT,1,1
185,GSRYGVMDTTTAQGRSPVEVAQDVLAAVGKK,0,1
74,MFKSSLLLDLIKGMKYLHHREFVHGRLKSRN,1,1
213,CGERGPGEGRPQPELYCKLVGGPTAPGSGHT,0,1
199,LSSSSMMSESTQMTITTQKSSPGATAQSTLT,0,1
59,KSFLVARISAQVVDYYKEACRALENPDTASL,1,1
20,EINIEVYSLVQKKDPSGLDKKKKTSKSKAIT,1,1
269,KEIWSLNKEVRVWDAYTGLEGTVKDMTASLR,0,1
363,QGGPPVAQVEQDLPISRENLTDLVVDTDTLG,0,1
165,VASSATETSTVITHVSSGDATTHVTKTQATF,0,1
341,NQSTTLPGPGRNMPNSQMVNIRDMSDNVLYQ,0,1
375,DTSSTASWEGTHSPVTQRFPHSEETTTMSRS,0,1
373,SADEVQGLAAAAEDWTVAKQEPSGMAEGATT,0,1
222,YEHPSINQRIQNSSGTDYPDIHAAAKEIAEV,0,1
29,FRKLRNAKGEELGKSSDLEDNRSEDSVRPWT,1,1
49,KGACPVFECGNVVLRTDERDVNYWTSRYWLN,1,1
249,KGKAPLKGSSLQRSPSDAGKSSGDEGKKPPS,0,1
161,GGHAIRILGWGVENGTPYWLVANSWNTDWGD,0,1
96,QQAQEELAEMKRYAESSSKLEEDKDKKINEM,1,1
116,SIMSLTGISSKDAGDYKCKAKNLAGMSEAVV,1,1
173,FALLDGARGGPPEAFTTSVRSYLPNTVTDAL,0,1
288,KPDFPEAIAHHSIQNYIQSWLQNINPYPTLK,0,1
364,FQDVIETRGREYAGLYDDISTQGWFIGLMCA,0,1
170,TPPTIVWTSTGTIEQSTQPLHAVSSEKVSVQ,0,1
342,MNMPEVDLYGTVQPHTLIRQHIDYGHWYDRQ,0,1
27,FGDNSFKDSRHLNFLTSEQALADFAELIKHL,1,1
271,KFSQLVMNRATVLASSYDTAWKKHDLVRRLE,0,1
182,GLSAVRTSNFALVGSYTLSLSSVGNTKFVLD,0,1
71,LPTLEVKPPDRPSSKSKDPPREEEKEKKKKK,1,1
294,FWTNWNEQHPSIMRSTLTGKNAQVVVSTDIL,0,1
195,DISTTPNWVETHSTVTQRFSHSEMTTLVSRS,0,1
175,TVKFLCALGRGIPILSLDWLHQSRKAGFFLP,0,1
16,DVSPPLGQHETGGSPSKQQMRSVISVTSALK,1,1
108,SDAEAQGKSSEVSLTSSVTSLDSSPVDLTPR,1,1
324,LAVENALLEAQDVELYLRPLRRHIQCLQETE,0,1
136,GEEEAESAARQPLIRTEAPESKPGSSSSLSL,0,1
149,AHANGSVRRGHKNDATETITMRTGLGVNLKE,0,1
32,GHHDYADCHDALKAITEVTTTLQHILIRLEN,1,1
169,AQMRKAMAKGLRGEASSLRMLPTFVRATPDG,0,1
219,QKSMESSLCVMANPTYDIDPNWDASSAGSSI,0,1
247,TSTPGNRAISLTLPFSSIPVEEVISTGITSG,0,1
205,CTSTKEATTSKHIPQTDTEGDPLMNMLMKLQ,0,1
254,VTAGNQPYCHCQPEYTGDRCQYYVCHHYCVN,0,1
93,QCPTIKEIRDQGSCGSCWAFGAVEAISDRIC,1,1
210,MEEVHGSSLSLVSSTSSLYSTAEEKAHSEQI,0,1
280,VEGHHTIYIGVHVPKSYRRRRRHKRKTGHKE,0,1
0,AEHCSIQDAQAAMRLYVMVKKEWESMARDRR,1,1
282,RKSQVCPYNSVEFQCSRKASLYDSEGQSFGS,0,1
62,KWKQSVRLISLCQRLSRSFLSRSNMSVARSD,1,1
84,PKSAAIGGKSNAGRKTSLDGSQNQDDVVLHV,1,1
166,NYSDKSDIENADESSSSILKPLISPAAERIR,0,1
296,PEEESKSEASFSEEETESLKAKAEAPKTEAE,0,1
119,SYETNVLGFKGPRKMSVIIPGMTLNHKQIPY,1,1
302,NCLLYQHLPVTRFPCTLACEARHFLLDGEPR,0,1
376,TSVPTPTLAKITDMDTNLEPVTRSPQNLRNT,0,1
46,ISSIQGKMSIPFRSAYAASKHATQAFFDCLR,1,1
258,GSPGATSEGTLTLDTSTTTFWSGTHSTASPG,0,1
260,LQEPSGTNKDESLPCTITDVWISEEKETKET,0,1
202,LGTGANTPARVFVALSDYNPLVMSANLKAAE,0,1
63,LAIDDDNKTDKTQKISKKLSFLSWGTNKNRQ,1,1
31,GDNSFKDSRHLNFLTSEQALADFAELIKHLK,1,1
327,SVRSTLSESMQLDRNTLPKKGLRYTPSSRQA,0,1
87,PQEFLNRRYMTEVDYSNKQGEEQPWEADYAR,1,1
361,VSSSKLFSSSTAPHETSFGEEVEVHNLLIID,0,1
250,KCKCWPGFQLKDDGKTCVDIDECSSGFPCSQ,0,1
214,SPTQLSDVSSPRSITSTPLSGKESVFFAEPP,0,1
298,DHMGFHFTTGIPAPSTETELDVLLPTATSLP,0,1
154,LVFGTCSHQCINVEGSYKCVCDQNFQERNNT,0,1
270,KRLLTSITTKSNIHSSVMASPGGLSAVRTSN,0,1
83,PFPIIIHDEPTYARSSKNAIKVPIVINPNAY,1,1
374,VWAANMSSSSAGSKDTPSYQSMTSLHTSSES,0,1
128,VRCIRFDNKRIVSGAYDGKIKVWDLQAALDP,1,1
300,DKLQAKSPKEAEADLSFDSYHSTQTDLGPSL,0,1
313,DPDFLKQLEMSIKYGTPFLFRDVDEYIDPVI,0,1
120,TENVDVRVVRGCSFQSRWRRQVSGTVREKFV,1,1
13,DQHEPKKVADLGCGDTSLLRLLKVNPCIELL,1,1
211,IDPNWDASSAGSSISYELKGLDIESYDSLER,0,1
225,YGEDEKSCEPASPTCSSREYICASDGCISAS,0,1
163,STVTTEVNGRTIPNLTSRPTPMTWRLGQACP,0,1
157,GPLSVDVPLVPEGLLTPEASPVKQSFFHYSE,0,1
112,SGKDRIEIFPSRMAQTIMKARLKGAQTGRNL,1,1
266,PSNNDEKSEMSFPGRTESRSSGLKLAACSFS,0,1
265,LRTSSEPETSSPPNLSSTSAEILATSEVTKD,0,1
353,EEDLSEYKFAKFAATYFQGTTTHSYTRRPLK,0,1
345,LKHHCNKVLLRVRMLYYLRQEVIGDQADKIL,0,1
259,SQLPGLLSHGLLAGLSFAVGSSSGLLPLLLL,0,1
61,KVRGLIDSLRAQRSRYMKLTVVKQEDKMEML,1,1
126,VFICTSPIKMFKYCPYEKYAWVEKYFGPDFL,1,1
275,CAKDFKIPMVLHLFDTLHALCNLLVVAPDNL,0,1
57,KQPGLARSQHNRWAGSKETCNDRRTPSTEKK,1,1
5,CAGSRRRFSDSEGEETVPEPRLPLLDHQGAH,1,1
220,ATLTTSVYTPTLGTLTPLNASMQMASTIPTE,0,1
143,ASKENAPVSMTPAETTVTDSHTPGRTNPSFG,0,1
89,PVDEALREAMPKVAKYAGGTNDKGIGMGMTV,1,1
102,RFKSYLLSMGIANPVTRETYGSGTQYHMQLA,1,1
176,HTNTSHVMQYGNKTISTMKVMQFQGMKRKAS,0,1
106,RTKLNQESTAPKVLFTGVVDARGERAVLALG,1,1
123,TKPKKLLFLGSDGKSYPYLFKGLEDLHLDER,1,1
293,KEITKITQTIESCLLSIVNPEWAVAIAISLA,0,1
189,KEKVAPLWHSSSEVISMADRTLETESHGLDR,0,1
287,TSTDQPVTSEPTYQATRGRKNRSSVKTPEPV,0,1
103,RHENYDEALRLLRKATALPARRAEYFDGSEP,1,1
18,DYADCHDALKAITEVTTTLQHILIRLENLQK,1,1
196,VADKYWKKNGGSILFYTGNEGDIIWFCNNTG,0,1
190,VEYPLTFKPIFECVITGKLILQNEVDGREHI,0,1
82,PEVPGSLPASHKYDLSDMQAVARFVKWQYFE,1,1
178,RPLERRLSPGSDIYVTVSSMALARSQCRNSP,0,1
349,TSLASASGSFPNSGLYGSYPQGQAPPLSQAQ,0,1
171,PIPYYRPSPSSSGSLSSTSSWYSSSSSRSAS,0,1
53,KKQAGIPKEEEYKLMYGMLFSIRSFVSKMSP,1,1
158,SPTFRRLFGAKAGGKSASAPNTEGVKSSSVM,0,1
100,RAWIRVALMEKRMSEYITTALRDTRTTRRFY,1,1
150,EMLVVLPKLDGSLDEYLSLQEQLTDVEKLQG,0,1
43,IPTLGKDGALVQPKMSASFVPDHKASMVLFL,1,1
56,KNSNKYVQQEKQNTASLSKVNASRILTNDLE,1,1
36,GTSGDHDDSFMKMLRSKMGKCCHHCFPCCRG,1,1
358,IQRQVKEINSLQSDFTKYLTTADSSLLQTNI,0,1
253,MGFHFTTGIPAPSTETELDVLLPTATSLPIP,0,1
292,LCRLAAFLDTFLAANSMLSMAALSIDRWVAV,0,1
2,ARQDIIPDVEISRKVYKGMLDLLKCTVLSLE,1,1
81,PCTRERISMHQDTTGYACLLIQPAKKSDAGW,1,1
110,SDPFVYSLLRHQYRKSCKEILNRLLHRRSIH,1,1
204,NPHRASKLTDHNPKTYWESNGSTGSHYITLH,0,1
194,DKEITSANYAGVCTSSVIKEENIDQPGYCYL,0,1
325,RTRSRSPHEKKKKRRSRSRTKSKARSQSVSP,0,1
216,KYNCKLALSDFEKENTTTIVFRMFDKVLAPE,0,1
197,GRELLLQTNLINYVTSIRPNIFVGRAEGTTQ,0,1
151,GGKSASAPNTEGVKSSSVMPSPSTTLARQGS,0,1
261,VATLSHEQMIDLLRTSVTVKVVIIPPHDDCT,0,1
117,SMICLAIDDDNKTDKTQKISKKLSFLSWGTN,1,1
78,NFFRQNGRNVQKEDRTPMAEEYSEYKHIKAK,1,1
177,LLGKKLGIPRGVQRDTMWRIFTGSLLVEEKS,0,1
85,PLGISLPVFRTIALSSEVVTLEKEHCYAMQG,1,1
354,HKDAATLEPSSSAKITFQCKHTSALSSHVLN,0,1
335,YTTFEKQQKKLHENYYAMYLKYLRSVRLQKK,0,1
111,SGEPGAREERPRPHRSHSKEAAGPPEARSER,1,1
51,KIGGDLPKGRETKENYGKTLKIENVSYQDKG,1,1
3,ATLGKIPKSAAIGGKSNAGRKTSLDGSQNQD,1,1
248,VLDINRKSQLIISPHSTTELPVLFYPSALGR,0,1
35,GNKGLRLKESGAINTSLFVLGKVVDALNQGL,1,1
164,MIRRAATECMCNLAMSKEVQDLFEAQGNDRL,0,1
267,ILGKGAYGTVYCGLTSQGQLIAVKQVALDTS,0,1
147,THNITELGPYALDNDSLFVNGFTHRSSVSTT,0,1
141,SFSFHPMAGCEGCNCSRRGTIEAAMPECDRD,0,1
200,PGSAGHSRISTSAPLSSSASVLDNKISETSI,0,1
132,YGISSAHTLLRGTLRYKGYMKALNGFVKLGL,1,1
344,ETSIPVNSAGPPGLSTVASDVIDTPSDGAES,0,1
137,RTFDRALRALPITQHSRIWPLYLRFLRSHPL,0,1
217,QVPLGPAEQGSSPLLSPVLSDAGGAGMDCEE,0,1
209,MWDQLEDAAMETFSISKERSTLWDQMQFWED,0,1
186,ATGVDAICTHHLNPQSPGLDREQLYWQLSQM,0,1
30,FYVTETTFQKNRLFFYRKSVWSKLQSIGIRQ,1,1
336,TIPAMMSALRMVWIISRHYNKDERMIPLMER,0,1
167,YFIDDMNMPEVDLYGTVQPHTLIRQHIDYGH,0,1
370,TNTSHVMQYGNKTISTMKVMQFQGMKRKASS,0,1
1,ARAGIDDMSMENKPLYQMRLLSEAFVIKGLS,1,1
54,KKVWEEHLVAKGVKSSDVSPPLGQHETGGSP,1,1
70,LMVLEAYQKYLAQKPYAGILSESMKQVSYLA,1,1
188,LGLDPKLLAKILNMSSGRCWSSDTYNPVPGV,0,1
322,ILAKWLEQAARNLELTDKANWPENGLQLAEI,0,1
346,LVDIVSYQSVLSYFSSHYPPSIILAKESYAE,0,1
226,NGFHAIGQMCEAPVVTREWVLDSVALYQCQE,0,1
348,TLDTSTTKSQAKTHSTLTQRFPHSEMTTLMS,0,1
99,QWPQCPTIKEIRDQGSCGSCWAFGAVEAISD,1,1
240,DKLYALNDRVYIGKRYHYDIRLPNFYQMSTP,0,1
314,STREKASTVLSQIVASIQPPQSPPETPQSGP,0,1
273,WKDGKIVYSYFIGLFSSILREQANLKHDGPK,0,1
289,SKGLDIFSAFSSMESTMVYSCSSRSVVESDE,0,1
291,RSCQRSDSDAEAQGKSSEVSLTSSVTSLDSS,0,1
168,STSDKILATSKDSKDTKEIFPSINTEETNVK,0,1
329,SPDSDPYKATSAVVITSTSGDSIVSTSMPRS,0,1
372,SPIVLTASFTETSTVSLDNETTVKTSDILDA,0,1
79,NLDTLLVPKLDVLRNSMFTAGKGVAEKASKW,1,1
371,NDITDEVLDGLNPIQTDVERIKDTYGRTQNE,0,1
76,MMAFDRYVAICNPLRYSVIMSKAAYMPMAAS,1,1
304,ILEAFGNAKTVKNDNSSRFGKFIRINFDVNG,0,1
228,RLVITPLTDRIYLTLTQALSMYLGGAPAGPA,0,1
334,CKWVPFLQQKVSIPLTEGLDLISMLTDDATI,0,1
131,WPLFREQLCRRTCLFYTIRAQAWSRDIAEDH,1,1
231,QSFICTHVDYCHPHCYLHHSRSCARLVRAIK,0,1
192,EFYFTVSPDSDPYKATSAVVITSTSGDSIVS,0,1
28,FHKHQMQDASRDLFTYTVKCIQIRRKLRIEK,1,1
368,LNKKSPPLVKACRRSSLPPNSPKPVRLTKSK,0,1
230,TDVISLSHSLASSPASVHSFTSGGLVWAANM,0,1
208,PGTISTMHTTSFLASSTELDSMSTPHGRITV,0,1
9,DAEAQGKSSEVSLTSSVTSLDSSPVDLTPRP,1,1
252,IVQKMPMKLTVNSSNSIKQRKPKLLLPPTES,0,1
362,RREGDGTCSLHIESTTSDDDGNYTIMAANPQ,0,1
114,SIDRALNVALGNPSSTAQHVFKVSLVSGMPF,1,1
146,KFQEAVGQAGAISITSKAELAEVRREWAKYM,0,1
105,RQNKELKVKLQEMEGTVKSKYKASITALEAK,1,1
193,TKVQTHKPYLVTFDLTDSGAIVAAAAEILQC,0,1
279,NAHLVAAFEKSLGNMTGRLQSLTMTAEQKES,0,1
66,LETLPKRSNISGSHSYPLLSKKNWHGVHKND,1,1
181,EKEAQISSAIVSSVQSKITQDLMAKVRAMLA,0,1
328,IQDSLDLFFRAEELEYSCEKCGGKCALVRHK,0,1
121,TGNKGLRLKESGAINTSLFVLGKVVDALNQG,1,1
4,ATQRKLRRFSELRGKLVARGEFWDIVAITAA,1,1
221,GALEGQMFRKTGKLVSLSEQNLVDCSRPQGN,0,1
10,DHNGMLSKEELSRYGTATMTNVFLDRVFQEC,1,1
333,CPTNFYLAADNRTCLSNCTASQFRCKTDKCI,0,1
274,NQASMGCQAPKPDMISKLEKGEAPWLGKGKR,0,1
34,GLLSFYNARTKQVLHTFKTRFTQPLLPAFTV,1,1
310,FSHSKSDTTLPVAITSPGPEASSAVSTTTIS,0,1
48,KFAARKKWKQSVRLISLCQRLSRSFLSRSNM,1,1
6,CKNASLLLGEKTIILSRQTSVLNAGNSVFNH,1,1
47,KAQQYLDMCWKQMDNSKKKFERECREAEKAQ,1,1
263,PGSSEITRIEMESTFSLAHGLKGTSTSQDPI,0,1
351,LPDMRAAASLDTATFSTTEMALALNRYLCLA,0,1
356,RVLIRELKRLDNITQSPFLSHITSSIQGLAT,0,1
318,TRKSLPKVKAMDFITSTAILPLLFGCLGVFG,0,1
311,QQGAASTEGAVLPSSSDALLSDKQVMETIQW,0,0
262,SGSATGTVSDLAPGQSGMDDMKLLEQRAEQL,0,0
160,PRWTKKPQSAVYSTGSNGILLCEAEGEPQPT,0,0
239,CGLLLDTRTLEVQSDYSSYARTSIRASLTFN,0,0
257,VMFTGENIPVHPHVYSNGHICLSILTEDWSP,0,0
138,DEDILMPFNLFCKHWTYLLLYQFPDQYSDIL,0,0
41,IFRKLRNAKGEELGKSSDLEDNRSEDSVRPW,1,0
159,ITFSIFPDIPECSGKTSCIIQSILDSRCSVA,0,0
340,STVLSSVPTGATTEVSRTEAISSSRTSIPGP,0,0
58,KSAAIGGKSNAGRKTSLDGSQNQDDVVLHVS,1,0
42,IHLSDETNLNSPIRPYENPRYFKNVIALAFD,1,0
44,IRRFAHLLVKKDICNSETKKDLLKKVKNAIS,1,0
312,HLANTVQENAKSWVISLGKLLNESAKEELYN,0,0
80,NPKTGPTLRKELILSSNIGQHDLDTKTKQIQ,1,0
101,REFEDSTLKPNRKKPTENIIIDLDKEDKDLI,1,0
355,RGGNICRADEFLCNNSLCKLHFWVCDGEDDC,0,0
367,LLSNEPSSSSTSRNHSCTPDPEEESKSEASF,0,0
39,HPFLCAADFRKIASLYGSDKFDLPYGMRTSA,1,0
326,PATSMVSGLSSPRTRTSSTEGNFTKEASTYT,0,0
11,DLQIGCKQLRILKMQYCTNISKKAAQRMSSK,1,0
299,GSDTAPSMVTSPGVDTRSGVPTTTIPPSIPG,0,0
50,KGKYHHGLSALKPIRTTSKHQHPVDNAGLFS,1,0
187,INSAFTPDQALKKAQTQLKLPIVPSLQRLLI,0,0
309,CYRITDDGIQAFCKSSLILEHLDVSYCSQLS,0,0
277,SSFSHSSPDATPVMATSPRTEASSAVLTTIS,0,0
360,YLYVPYDGYGQQPESYLSQMAFSIDRALNVA,0,0
115,SIKIPMDIMEQQPFLSDSKPSDRERSPTFLE,1,0
124,TLLVPKLDVLRNSMFTAGKGVAEKASKWYSR,1,0
14,DTFEVLVDQTVVNKGSLLEDVVPPIKPPKEI,1,0
284,SSGSCHAPKPACQLGSLDSLSAEVGVRSRSL,0,0
19,EEVSLRRVIGAKKDQYFLDKKMVTKNDVMNL,1,0
145,SHVLNKEDLIEDLSQTNKNTEKGLDNSVTSF,0,0
290,SFTPPASGGPRLPSMTGPLLPGQSFGGPSVS,0,0
319,GITIQGVTESPLHPSSTSPSKIVAPRNTTYE,0,0
156,NFLEKPVVMEIFSLHYSTLVHMFNTELDVCK,0,0
229,PVLGGLGPPFAFNLNSDTDVEEGQQPATEEA,0,0
68,LKELLPLAEADKVRLSYLHIMSLACIYTRKG,1,0
242,GRSTSVSSASSYLWSSSFSPTSSFSASTLSP,0,0
256,NSDEAPDMCVKFLCPSTRPHRCRNNRICLQS,0,0
107,RTTNLSSKLMEFNLGTDKQTFLSKLIKSIFI,1,0
272,LPPNLSSTAGEALSTYEASRDTKAIHHSADT,0,0
37,HKMYRKMVFYIEACESGSMMNHLPDNINVYA,1,0
191,ITVGKETMKKVLDTCTIRMNLNLPARYFYDL,0,0
233,MSPPRPTRSIFQPYISGPSLLLPTIVTTPRR,0,0
235,EDLHRGSNLPSPVGNSVSRSGRHSALRYNTL,0,0
135,YSSVPEEGGATHVYRYHRGESKLHMCLDIGN,1,0
198,AIGPLLTKVEGLVVHTNTGKAPKLASYYKYW,0,0
55,KLEKEKRGAVLTTTQYGKMKGMSRHSQMAKI,1,0
227,KPKDPLKISLQDLINSNQGDTVTTILIDLNG,0,0
264,YDRPELSLGSYEFLATVDYCKNNKFPSPPAF,0,0
142,RLASDSDAESDSRASSPNSTVSNTSTEGFGG,0,0
73,MAFDRYVAICNPLRYSVIMSKAAYMPMAASS,1,0
45,IRVALMEKRMSEYITTALRDTRTTRRFYDSG,1,0
316,AITEATKMEVPSFDATFIPTPAQSTKFPDIF,0,0
297,TTDTEKIHPSSSMAVTNVGTTSSGHELYSSV,0,0
276,TRLFASPTMTESAEMTIPTQTGPSGSTSQDT,0,0
317,YKIGVVGPWACDSLFSKALPEVAARLAIERI,0,0
148,FFLFIVFVVYTLLPFSMRGAVAVGAVSTASH,0,0
332,FGTCLQHSVSNFMNATLSEKLFGETTLVKSR,0,0
144,VFESFNLDGLFFPVVSFSAGVKVRFLLGGRH,0,0
278,ERKLEEKRKETDKNISEAFEDLSKLMIKAKE,0,0
26,ETILSKPMLFFINVQTKKDTSKERTYAFLVN,1,0
140,NSPANLSSTSVEILATSEVTTDTEKTHPSSN,0,0
104,RKSFLVARISAQVVDYYKEACRALENPDTAS,1,0
88,PRPLAHHKEGDADSFSKVRPPGEKPTIIRPP,1,0
295,VQKRRSSRQVKRKRYTEDLEFKISDEEADDA,0,0
377,VSVPTHPEAVGDASLTVVKLLASDAGLYRCD,0,0
236,FRPEGAGGLGDMGDTTPAEPPTPEGSPILKR,0,0
65,LENRKDIAQEMLMNQTKATPEEIKSILKFQE,1,0
218,RTEAPESKPGSSSSLSLRERWTVFKGLLWYI,0,0
223,GQHETGGSPSKQQMRSVISVTSALKEVGVDS,0,0
7,CSLNKPPFLMLLKGSTRFNKTKTFRINQLLQ,1,0
15,DVRNSEVVAIKKMSYSGKQSNEKWQDIIKEV,1,0
94,QHEPKKVADLGCGDTSLLRLLKVNPCIELLV,1,0
238,TSSPPNLSSTSHEILTTDEDTTAIEAMHPST,0,0
323,MQFFNYVMRKVWLHQTRIGLSLYDVAGQGYL,0,0
